Distance (km),Delta Bullington (dB) 0,Bullington (dB) 0,Epstein Peterson (dB) 0,Deygout (dB) 0,Giovaneli (dB) 0,Deygout Rounded (dB) 0,Distance (km).1,Delta Bullington (dB) 1,Bullington (dB) 1,Epstein Peterson (dB) 1,Deygout (dB) 1,Giovaneli (dB) 1,Deygout Rounded (dB) 1,Distance (km).2,Delta Bullington (dB) 2,Bullington (dB) 2,Epstein Peterson (dB) 2,Deygout (dB) 2,Giovaneli (dB) 2,Deygout Rounded (dB) 2,Distance (km).3,Delta Bullington (dB) 3,Bullington (dB) 3,Epstein Peterson (dB) 3,Deygout (dB) 3,Giovaneli (dB) 3,Deygout Rounded (dB) 3
83.07993853,34.56321395541087,31.880558406814586,0.0,0.0,0.0,152.51818835877702,132.315397,69.83750914478313,9.781892846103089,0.2469778302832613,0.18090075277156925,0.12102178512762622,368.46278233059456,17.39688966,17.563860415213252,41.055901776910375,0.021651647249891978,0.0,0.0,0.0,40.51112702,7.734079681947353,34.87287920290862,0.9611898809276952,0.0,0.0,182.82175588980476
