Distance (km),Bullington (dB) 0,Distance (km).1,Bullington (dB) 1,Distance (km).2,Bullington (dB) 2,Distance (km).3,Bullington (dB) 3
20.0,18.350881023630063,20.0,-0.9427120306987092,17.39688966,8.089033606728748,20.0,29.816134144536825
40.0,14.52278363341875,40.0,1.76132524024867,,,40.0,-0.8663743866201999
60.0,17.23309945637537,60.0,4.078726302281936,,,40.51112702,1.0395776348662835
80.0,14.25161359979757,80.0,7.383086822455915,,,,
83.07993853,13.263069735783668,100.0,9.254654126169775,,,,
,,120.0,5.4370416300541144,,,,
,,132.315397,2.1998714912760504,,,,
